id,discipline,enabled,prompt,option_a,option_b,option_c,option_d,answer,author,created_date,notes
fin-001,finance,true,"In EDS_latest.csv, what is the FMP_name recorded for numerai ticker AAPL US?",Apple Inc.,Apple Hospitality REIT,Applied Materials,AAPL Holdings,A,EDS,2026-09-24,EDS_latest.csv numerai_ticker=AAPL US column FMP_name
fin-002,finance,true,"In EDS_latest.csv, GICS sector code 45 for numerai ticker AAPL US is which GICS sector?",Information Technology,Financials,Energy,Health Care,A,EDS,2026-09-24,EDS_latest.csv AAPL US GICS_sector=45; official GICS sector name
fin-003,finance,true,"In EDS_latest.csv, what ISIN is recorded for numerai ticker AAPL US?",US0378331005,US67066G1040,US46625H1005,NL0000334365,A,EDS,2026-09-24,EDS_latest.csv AAPL US column ISIN; distractors are other ISINs from the same file
fin-004,finance,true,"In EDS_latest.csv, what is CountryDomicile_ISO2 for numerai ticker ASML NL?",NL,DE,US,CH,A,EDS,2026-09-24,EDS_latest.csv ASML NL CountryDomicile_ISO2
fin-005,finance,true,"In EDS_latest.csv, what Currency is recorded for numerai ticker ASML NL?",EUR,USD,GBp,CHF,A,EDS,2026-09-24,EDS_latest.csv ASML NL Currency
fin-006,finance,true,"In EDS_latest.csv, what Currency is recorded for numerai ticker 7203 JP (Toyota Motor Corporation)?",JPY,USD,EUR,CNY,A,EDS,2026-09-24,EDS_latest.csv 7203 JP Currency and FMP_name
fin-007,finance,true,"In EDS_latest.csv, GICS sector code 40 for numerai ticker JPM US is which GICS sector?",Financials,Information Technology,Energy,Utilities,A,EDS,2026-09-24,EDS_latest.csv JPM US GICS_sector=40
fin-008,finance,true,"In EDS_latest.csv, what Currency is recorded for numerai ticker NESN CH?",CHF,EUR,USD,GBP,A,EDS,2026-09-24,EDS_latest.csv NESN CH Currency
fin-009,finance,true,"In EDS_latest.csv, the Currency field for numerai ticker SHEL GB is stored as which code?",GBp,GBP,EUR,USD,A,EDS,2026-09-24,"EDS_latest.csv SHEL GB Currency is pence GBp, not GBP"
fin-010,finance,true,"In EDS_latest.csv, GICS sector code 10 for numerai ticker SHEL GB is which GICS sector?",Energy,Materials,Utilities,Financials,A,EDS,2026-09-24,EDS_latest.csv SHEL GB GICS_sector=10
fin-011,finance,true,"In EDS_latest.csv, what is CountryDomicile_ISO2 for numerai ticker SAP DE?",DE,NL,US,FR,A,EDS,2026-09-24,EDS_latest.csv SAP DE CountryDomicile_ISO2
fin-012,finance,true,"Cross-country market-cap ranks in EDS_latest.csv are comparable on which column, because native currency amounts are not on one scale?",marketcap_eur,marketcap_native,shares_best,dollar_volume_monthly,A,EDS,2026-09-24,EDS_latest.csv column marketcap_eur; mixed-currency market cap is not used for ranks
fin-013,finance,true,"In crypto_metadata.parquet, what genesis_date is recorded for symbol BTC?",2009-01-03,2015-07-30,2017-01-01,2020-12-01,A,EDS,2026-09-24,crypto_metadata.parquet symbol=BTC genesis_date
fin-014,finance,true,"In crypto_metadata.parquet, what genesis_date is recorded for symbol ETH?",2015-07-30,2009-01-03,2013-04-01,2021-11-01,A,EDS,2026-09-24,crypto_metadata.parquet symbol=ETH genesis_date
fin-015,finance,true,"In crypto_gics_extended.parquet, what label is recorded for symbol BTC?",Store of Value,Smart Contract EVM,Smart Contract Non-EVM,Stablecoin,A,EDS,2026-09-24,crypto_gics_extended.parquet BTC label
fin-016,finance,true,"In crypto_gics_extended.parquet, what label is recorded for symbol ETH?",Smart Contract EVM,Store of Value,Smart Contract Non-EVM,Exchange Token,A,EDS,2026-09-24,crypto_gics_extended.parquet ETH label
fin-017,finance,true,"In crypto_gics_extended.parquet, what label is recorded for symbol SOL?",Smart Contract Non-EVM,Smart Contract EVM,Store of Value,Meme,A,EDS,2026-09-24,crypto_gics_extended.parquet SOL label
fin-018,finance,true,"According to the description stored for symbol WAVES in crypto_metadata.parquet, Waves is synonymous with which founder?",Alexander Ivanov,Ariel Seidman,Vitalik Buterin,Changpeng Zhao,A,EDS,2026-09-24,crypto_metadata.parquet WAVES description names Alexander Ivanov; other names are not that sentence
fin-019,finance,true,"For the linear model y = Xβ + ε with full-rank X, the OLS coefficient vector is",(X'X)^{-1} X'y,(XX')^{-1} Xy,X'X y,(X'X) X'y,A,EDS,2026-09-24,"method: financial economics / matrix algebra, OLS normal equation"
fin-020,finance,true,A price level that follows a random walk without drift is,"integrated of order 1, and its first difference is stationary",stationary in the level,integrated of order 2 by definition,mean-reverting in the level,A,EDS,2026-09-24,method: time-series ML / financial econometrics
fin-021,finance,true,A correlation matrix used for portfolio risk is a valid Gram matrix when it is,symmetric and positive semidefinite,skew-symmetric,diagonal with negative variances allowed,positive definite with a negative trace,A,EDS,2026-09-24,"method: financial engineering, covariance matrices"
fin-022,finance,true,"Expected shortfall, also called CVaR, is",the expected loss conditional on the loss exceeding VaR,always a smaller number than VaR,the median loss,the probability of any loss,A,EDS,2026-09-24,"method: certified risk management, tail risk"
fin-023,finance,true,"If the yield curve shifts up in parallel, which bond's price falls more, all else equal?",the bond with the longer modified duration,the bond with the shorter modified duration,the bond with duration zero,the bond whose cash flows are all immediate,A,EDS,2026-09-24,"method: CFA fixed income, duration"
fin-024,finance,true,Which feature construction is lookahead leakage when the target is a 20-day-forward return?,putting that same future return on the feature date as an input,using only data dated on or before the feature date,lagging a reported fundamental by one filing period,a trailing 60-day volatility that ends on the feature date,A,EDS,2026-09-24,method: time-series machine learning for equity signals and crypto
