id,discipline,enabled,prompt,wheel_radius_m,wheelbase_m,target_x_m,target_y_m,target_heading_deg,max_duration_s,tolerance,author,created_date,notes
fq3-001,fq,true,A differential-drive robot starts at (0 0) heading 0 degrees. Wheel radius is 0.05 m and wheelbase is 0.30 m. Select actuator velocities and duration to reach approximately (1.34 0.00) at heading 0 degrees. The whole manoeuvre must take at most 10 seconds.,0.05,0.30,1.34,0.00,0,10,0.04,EDS generator,2026-10-07,"parametric, seed 20261007"
fq3-002,fq,true,A differential-drive robot starts at (0 0) heading 0 degrees. Wheel radius is 0.04 m and wheelbase is 0.30 m. Select actuator velocities and duration to reach approximately (0.36 0.63) at heading 120 degrees. The whole manoeuvre must take at most 10 seconds.,0.04,0.30,0.36,0.63,120,10,0.04,EDS generator,2026-10-07,"parametric, seed 20261007"
fq3-003,fq,true,A differential-drive robot starts at (0 0) heading 0 degrees. Wheel radius is 0.04 m and wheelbase is 0.25 m. Select actuator velocities and duration to reach approximately (1.03 -0.59) at heading -60 degrees. The whole manoeuvre must take at most 10 seconds.,0.04,0.25,1.03,-0.59,-60,10,0.04,EDS generator,2026-10-07,"parametric, seed 20261007"
fq3-004,fq,true,A differential-drive robot starts at (0 0) heading 0 degrees. Wheel radius is 0.04 m and wheelbase is 0.40 m. Select actuator velocities and duration to reach approximately (0.49 0.00) at heading 0 degrees. The whole manoeuvre must take at most 10 seconds.,0.04,0.40,0.49,0.00,0,10,0.04,EDS generator,2026-10-07,"parametric, seed 20261007"
fq3-005,fq,true,A differential-drive robot starts at (0 0) heading 0 degrees. Wheel radius is 0.05 m and wheelbase is 0.30 m. Select actuator velocities and duration to reach approximately (0.55 -2.05) at heading -150 degrees. The whole manoeuvre must take at most 10 seconds.,0.05,0.30,0.55,-2.05,-150,10,0.04,EDS generator,2026-10-07,"parametric, seed 20261007"
fq3-006,fq,true,A differential-drive robot starts at (0 0) heading 0 degrees. Wheel radius is 0.06 m and wheelbase is 0.30 m. Select actuator velocities and duration to reach approximately (0.77 -0.44) at heading -60 degrees. The whole manoeuvre must take at most 10 seconds.,0.06,0.30,0.77,-0.44,-60,10,0.04,EDS generator,2026-10-07,"parametric, seed 20261007"
fq3-007,fq,true,A differential-drive robot starts at (0 0) heading 0 degrees. Wheel radius is 0.04 m and wheelbase is 0.25 m. Select actuator velocities and duration to reach approximately (0.17 -0.63) at heading -150 degrees. The whole manoeuvre must take at most 10 seconds.,0.04,0.25,0.17,-0.63,-150,10,0.04,EDS generator,2026-10-07,"parametric, seed 20261007"
fq3-008,fq,true,A differential-drive robot starts at (0 0) heading 0 degrees. Wheel radius is 0.04 m and wheelbase is 0.30 m. Select actuator velocities and duration to reach approximately (1.75 0.00) at heading 0 degrees. The whole manoeuvre must take at most 10 seconds.,0.04,0.30,1.75,0.00,0,10,0.04,EDS generator,2026-10-07,"parametric, seed 20261007"
fq3-009,fq,true,A differential-drive robot starts at (0 0) heading 0 degrees. Wheel radius is 0.04 m and wheelbase is 0.30 m. Select actuator velocities and duration to reach approximately (0.35 0.35) at heading 90 degrees. The whole manoeuvre must take at most 10 seconds.,0.04,0.30,0.35,0.35,90,10,0.04,EDS generator,2026-10-07,"parametric, seed 20261007"
fq3-010,fq,true,A differential-drive robot starts at (0 0) heading 0 degrees. Wheel radius is 0.05 m and wheelbase is 0.40 m. Select actuator velocities and duration to reach approximately (0.65 0.37) at heading 60 degrees. The whole manoeuvre must take at most 10 seconds.,0.05,0.40,0.65,0.37,60,10,0.04,EDS generator,2026-10-07,"parametric, seed 20261007"
fq3-011,fq,true,A differential-drive robot starts at (0 0) heading 0 degrees. Wheel radius is 0.05 m and wheelbase is 0.25 m. Select actuator velocities and duration to reach approximately (1.01 0.58) at heading 60 degrees. The whole manoeuvre must take at most 10 seconds.,0.05,0.25,1.01,0.58,60,10,0.04,EDS generator,2026-10-07,"parametric, seed 20261007"
fq3-012,fq,true,A differential-drive robot starts at (0 0) heading 0 degrees. Wheel radius is 0.05 m and wheelbase is 0.25 m. Select actuator velocities and duration to reach approximately (0.43 -1.62) at heading -150 degrees. The whole manoeuvre must take at most 10 seconds.,0.05,0.25,0.43,-1.62,-150,10,0.04,EDS generator,2026-10-07,"parametric, seed 20261007"
fq3-013,fq,true,A differential-drive robot starts at (0 0) heading 0 degrees. Wheel radius is 0.08 m and wheelbase is 0.30 m. Select actuator velocities and duration to reach approximately (0.42 -1.59) at heading -150 degrees. The whole manoeuvre must take at most 10 seconds.,0.08,0.30,0.42,-1.59,-150,10,0.04,EDS generator,2026-10-07,"parametric, seed 20261007"
fq3-014,fq,true,A differential-drive robot starts at (0 0) heading 0 degrees. Wheel radius is 0.08 m and wheelbase is 0.30 m. Select actuator velocities and duration to reach approximately (0.96 -0.55) at heading -60 degrees. The whole manoeuvre must take at most 10 seconds.,0.08,0.30,0.96,-0.55,-60,10,0.04,EDS generator,2026-10-07,"parametric, seed 20261007"
fq3-015,fq,true,A differential-drive robot starts at (0 0) heading 0 degrees. Wheel radius is 0.08 m and wheelbase is 0.30 m. Select actuator velocities and duration to reach approximately (1.81 0.00) at heading 0 degrees. The whole manoeuvre must take at most 10 seconds.,0.08,0.30,1.81,0.00,0,10,0.04,EDS generator,2026-10-07,"parametric, seed 20261007"
fq3-016,fq,true,A differential-drive robot starts at (0 0) heading 0 degrees. Wheel radius is 0.08 m and wheelbase is 0.25 m. Select actuator velocities and duration to reach approximately (0.51 -1.92) at heading -150 degrees. The whole manoeuvre must take at most 10 seconds.,0.08,0.25,0.51,-1.92,-150,10,0.04,EDS generator,2026-10-07,"parametric, seed 20261007"
fq3-017,fq,true,A differential-drive robot starts at (0 0) heading 0 degrees. Wheel radius is 0.05 m and wheelbase is 0.30 m. Select actuator velocities and duration to reach approximately (0.37 1.38) at heading 150 degrees. The whole manoeuvre must take at most 10 seconds.,0.05,0.30,0.37,1.38,150,10,0.04,EDS generator,2026-10-07,"parametric, seed 20261007"
fq3-018,fq,true,A differential-drive robot starts at (0 0) heading 0 degrees. Wheel radius is 0.04 m and wheelbase is 0.25 m. Select actuator velocities and duration to reach approximately (0.55 0.96) at heading 120 degrees. The whole manoeuvre must take at most 10 seconds.,0.04,0.25,0.55,0.96,120,10,0.04,EDS generator,2026-10-07,"parametric, seed 20261007"
fq3-019,fq,true,A differential-drive robot starts at (0 0) heading 0 degrees. Wheel radius is 0.06 m and wheelbase is 0.30 m. Select actuator velocities and duration to reach approximately (0.55 0.00) at heading 0 degrees. The whole manoeuvre must take at most 10 seconds.,0.06,0.30,0.55,0.00,0,10,0.04,EDS generator,2026-10-07,"parametric, seed 20261007"
fq3-020,fq,true,A differential-drive robot starts at (0 0) heading 0 degrees. Wheel radius is 0.04 m and wheelbase is 0.40 m. Select actuator velocities and duration to reach approximately (1.00 -1.00) at heading -90 degrees. The whole manoeuvre must take at most 10 seconds.,0.04,0.40,1.00,-1.00,-90,10,0.04,EDS generator,2026-10-07,"parametric, seed 20261007"
fq3-021,fq,true,A differential-drive robot starts at (0 0) heading 0 degrees. Wheel radius is 0.06 m and wheelbase is 0.30 m. Select actuator velocities and duration to reach approximately (0.54 0.93) at heading 120 degrees. The whole manoeuvre must take at most 10 seconds.,0.06,0.30,0.54,0.93,120,10,0.04,EDS generator,2026-10-07,"parametric, seed 20261007"
fq3-022,fq,true,A differential-drive robot starts at (0 0) heading 0 degrees. Wheel radius is 0.04 m and wheelbase is 0.30 m. Select actuator velocities and duration to reach approximately (1.33 0.00) at heading 0 degrees. The whole manoeuvre must take at most 10 seconds.,0.04,0.30,1.33,0.00,0,10,0.04,EDS generator,2026-10-07,"parametric, seed 20261007"
fq3-023,fq,true,A differential-drive robot starts at (0 0) heading 0 degrees. Wheel radius is 0.04 m and wheelbase is 0.25 m. Select actuator velocities and duration to reach approximately (0.52 -0.14) at heading -30 degrees. The whole manoeuvre must take at most 10 seconds.,0.04,0.25,0.52,-0.14,-30,10,0.04,EDS generator,2026-10-07,"parametric, seed 20261007"
fq3-024,fq,true,A differential-drive robot starts at (0 0) heading 0 degrees. Wheel radius is 0.05 m and wheelbase is 0.25 m. Select actuator velocities and duration to reach approximately (0.98 0.00) at heading 0 degrees. The whole manoeuvre must take at most 10 seconds.,0.05,0.25,0.98,0.00,0,10,0.04,EDS generator,2026-10-07,"parametric, seed 20261007"
fq3-025,fq,true,A differential-drive robot starts at (0 0) heading 0 degrees. Wheel radius is 0.06 m and wheelbase is 0.30 m. Select actuator velocities and duration to reach approximately (0.81 -0.81) at heading -90 degrees. The whole manoeuvre must take at most 10 seconds.,0.06,0.30,0.81,-0.81,-90,10,0.04,EDS generator,2026-10-07,"parametric, seed 20261007"
fq3-026,fq,true,A differential-drive robot starts at (0 0) heading 0 degrees. Wheel radius is 0.05 m and wheelbase is 0.40 m. Select actuator velocities and duration to reach approximately (0.31 -0.54) at heading -120 degrees. The whole manoeuvre must take at most 10 seconds.,0.05,0.40,0.31,-0.54,-120,10,0.04,EDS generator,2026-10-07,"parametric, seed 20261007"
fq3-027,fq,true,A differential-drive robot starts at (0 0) heading 0 degrees. Wheel radius is 0.06 m and wheelbase is 0.40 m. Select actuator velocities and duration to reach approximately (0.40 0.69) at heading 120 degrees. The whole manoeuvre must take at most 10 seconds.,0.06,0.40,0.40,0.69,120,10,0.04,EDS generator,2026-10-07,"parametric, seed 20261007"
fq3-028,fq,true,A differential-drive robot starts at (0 0) heading 0 degrees. Wheel radius is 0.05 m and wheelbase is 0.40 m. Select actuator velocities and duration to reach approximately (0.48 0.28) at heading 60 degrees. The whole manoeuvre must take at most 10 seconds.,0.05,0.40,0.48,0.28,60,10,0.04,EDS generator,2026-10-07,"parametric, seed 20261007"
fq3-029,fq,true,A differential-drive robot starts at (0 0) heading 0 degrees. Wheel radius is 0.05 m and wheelbase is 0.40 m. Select actuator velocities and duration to reach approximately (0.57 0.57) at heading 90 degrees. The whole manoeuvre must take at most 10 seconds.,0.05,0.40,0.57,0.57,90,10,0.04,EDS generator,2026-10-07,"parametric, seed 20261007"
fq3-030,fq,true,A differential-drive robot starts at (0 0) heading 0 degrees. Wheel radius is 0.04 m and wheelbase is 0.40 m. Select actuator velocities and duration to reach approximately (0.24 -0.07) at heading -30 degrees. The whole manoeuvre must take at most 10 seconds.,0.04,0.40,0.24,-0.07,-30,10,0.04,EDS generator,2026-10-07,"parametric, seed 20261007"
fq3-031,fq,true,A differential-drive robot starts at (0 0) heading 0 degrees. Wheel radius is 0.08 m and wheelbase is 0.30 m. Select actuator velocities and duration to reach approximately (0.78 0.45) at heading 60 degrees. The whole manoeuvre must take at most 10 seconds.,0.08,0.30,0.78,0.45,60,10,0.04,EDS generator,2026-10-07,"parametric, seed 20261007"
fq3-032,fq,true,A differential-drive robot starts at (0 0) heading 0 degrees. Wheel radius is 0.06 m and wheelbase is 0.25 m. Select actuator velocities and duration to reach approximately (0.46 0.79) at heading 120 degrees. The whole manoeuvre must take at most 10 seconds.,0.06,0.25,0.46,0.79,120,10,0.04,EDS generator,2026-10-07,"parametric, seed 20261007"
fq3-033,fq,true,A differential-drive robot starts at (0 0) heading 0 degrees. Wheel radius is 0.08 m and wheelbase is 0.25 m. Select actuator velocities and duration to reach approximately (0.21 0.06) at heading 30 degrees. The whole manoeuvre must take at most 10 seconds.,0.08,0.25,0.21,0.06,30,10,0.04,EDS generator,2026-10-07,"parametric, seed 20261007"
fq3-034,fq,true,A differential-drive robot starts at (0 0) heading 0 degrees. Wheel radius is 0.05 m and wheelbase is 0.25 m. Select actuator velocities and duration to reach approximately (0.83 0.83) at heading 90 degrees. The whole manoeuvre must take at most 10 seconds.,0.05,0.25,0.83,0.83,90,10,0.04,EDS generator,2026-10-07,"parametric, seed 20261007"
fq3-035,fq,true,A differential-drive robot starts at (0 0) heading 0 degrees. Wheel radius is 0.04 m and wheelbase is 0.30 m. Select actuator velocities and duration to reach approximately (0.52 0.00) at heading 0 degrees. The whole manoeuvre must take at most 10 seconds.,0.04,0.30,0.52,0.00,0,10,0.04,EDS generator,2026-10-07,"parametric, seed 20261007"
fq3-036,fq,true,A differential-drive robot starts at (0 0) heading 0 degrees. Wheel radius is 0.08 m and wheelbase is 0.30 m. Select actuator velocities and duration to reach approximately (0.76 0.76) at heading 90 degrees. The whole manoeuvre must take at most 10 seconds.,0.08,0.30,0.76,0.76,90,10,0.04,EDS generator,2026-10-07,"parametric, seed 20261007"
fq3-037,fq,true,A differential-drive robot starts at (0 0) heading 0 degrees. Wheel radius is 0.05 m and wheelbase is 0.25 m. Select actuator velocities and duration to reach approximately (0.49 -1.85) at heading -150 degrees. The whole manoeuvre must take at most 10 seconds.,0.05,0.25,0.49,-1.85,-150,10,0.04,EDS generator,2026-10-07,"parametric, seed 20261007"
fq3-038,fq,true,A differential-drive robot starts at (0 0) heading 0 degrees. Wheel radius is 0.06 m and wheelbase is 0.25 m. Select actuator velocities and duration to reach approximately (0.76 0.00) at heading 0 degrees. The whole manoeuvre must take at most 10 seconds.,0.06,0.25,0.76,0.00,0,10,0.04,EDS generator,2026-10-07,"parametric, seed 20261007"
fq3-039,fq,true,A differential-drive robot starts at (0 0) heading 0 degrees. Wheel radius is 0.05 m and wheelbase is 0.30 m. Select actuator velocities and duration to reach approximately (1.45 0.00) at heading 0 degrees. The whole manoeuvre must take at most 10 seconds.,0.05,0.30,1.45,0.00,0,10,0.04,EDS generator,2026-10-07,"parametric, seed 20261007"
fq3-040,fq,true,A differential-drive robot starts at (0 0) heading 0 degrees. Wheel radius is 0.08 m and wheelbase is 0.30 m. Select actuator velocities and duration to reach approximately (0.49 -0.49) at heading -90 degrees. The whole manoeuvre must take at most 10 seconds.,0.08,0.30,0.49,-0.49,-90,10,0.04,EDS generator,2026-10-07,"parametric, seed 20261007"
fq3-041,fq,true,A differential-drive robot starts at (0 0) heading 0 degrees. Wheel radius is 0.04 m and wheelbase is 0.25 m. Select actuator velocities and duration to reach approximately (0.75 -0.75) at heading -90 degrees. The whole manoeuvre must take at most 10 seconds.,0.04,0.25,0.75,-0.75,-90,10,0.04,EDS generator,2026-10-07,"parametric, seed 20261007"
fq3-042,fq,true,A differential-drive robot starts at (0 0) heading 0 degrees. Wheel radius is 0.06 m and wheelbase is 0.40 m. Select actuator velocities and duration to reach approximately (0.39 -0.11) at heading -30 degrees. The whole manoeuvre must take at most 10 seconds.,0.06,0.40,0.39,-0.11,-30,10,0.04,EDS generator,2026-10-07,"parametric, seed 20261007"
fq3-043,fq,true,A differential-drive robot starts at (0 0) heading 0 degrees. Wheel radius is 0.04 m and wheelbase is 0.25 m. Select actuator velocities and duration to reach approximately (0.42 0.24) at heading 60 degrees. The whole manoeuvre must take at most 10 seconds.,0.04,0.25,0.42,0.24,60,10,0.04,EDS generator,2026-10-07,"parametric, seed 20261007"
fq3-044,fq,true,A differential-drive robot starts at (0 0) heading 0 degrees. Wheel radius is 0.06 m and wheelbase is 0.25 m. Select actuator velocities and duration to reach approximately (0.27 0.15) at heading 60 degrees. The whole manoeuvre must take at most 10 seconds.,0.06,0.25,0.27,0.15,60,10,0.04,EDS generator,2026-10-07,"parametric, seed 20261007"
fq3-045,fq,true,A differential-drive robot starts at (0 0) heading 0 degrees. Wheel radius is 0.05 m and wheelbase is 0.30 m. Select actuator velocities and duration to reach approximately (0.16 -0.60) at heading -150 degrees. The whole manoeuvre must take at most 10 seconds.,0.05,0.30,0.16,-0.60,-150,10,0.04,EDS generator,2026-10-07,"parametric, seed 20261007"
fq3-046,fq,true,A differential-drive robot starts at (0 0) heading 0 degrees. Wheel radius is 0.08 m and wheelbase is 0.25 m. Select actuator velocities and duration to reach approximately (0.30 0.52) at heading 120 degrees. The whole manoeuvre must take at most 10 seconds.,0.08,0.25,0.30,0.52,120,10,0.04,EDS generator,2026-10-07,"parametric, seed 20261007"
fq3-047,fq,true,A differential-drive robot starts at (0 0) heading 0 degrees. Wheel radius is 0.08 m and wheelbase is 0.25 m. Select actuator velocities and duration to reach approximately (0.94 -0.94) at heading -90 degrees. The whole manoeuvre must take at most 10 seconds.,0.08,0.25,0.94,-0.94,-90,10,0.04,EDS generator,2026-10-07,"parametric, seed 20261007"
fq3-048,fq,true,A differential-drive robot starts at (0 0) heading 0 degrees. Wheel radius is 0.08 m and wheelbase is 0.25 m. Select actuator velocities and duration to reach approximately (0.67 0.67) at heading 90 degrees. The whole manoeuvre must take at most 10 seconds.,0.08,0.25,0.67,0.67,90,10,0.04,EDS generator,2026-10-07,"parametric, seed 20261007"
fq3-049,fq,true,A differential-drive robot starts at (0 0) heading 0 degrees. Wheel radius is 0.08 m and wheelbase is 0.25 m. Select actuator velocities and duration to reach approximately (0.38 1.42) at heading 150 degrees. The whole manoeuvre must take at most 10 seconds.,0.08,0.25,0.38,1.42,150,10,0.04,EDS generator,2026-10-07,"parametric, seed 20261007"
fq3-050,fq,true,A differential-drive robot starts at (0 0) heading 0 degrees. Wheel radius is 0.08 m and wheelbase is 0.40 m. Select actuator velocities and duration to reach approximately (1.59 0.00) at heading 0 degrees. The whole manoeuvre must take at most 10 seconds.,0.08,0.40,1.59,0.00,0,10,0.04,EDS generator,2026-10-07,"parametric, seed 20261007"
fq3-051,fq,true,A differential-drive robot starts at (0 0) heading 0 degrees. Wheel radius is 0.08 m and wheelbase is 0.40 m. Select actuator velocities and duration to reach approximately (0.74 0.74) at heading 90 degrees. The whole manoeuvre must take at most 10 seconds.,0.08,0.40,0.74,0.74,90,10,0.04,EDS generator,2026-10-07,"parametric, seed 20261007"
fq3-052,fq,true,A differential-drive robot starts at (0 0) heading 0 degrees. Wheel radius is 0.05 m and wheelbase is 0.40 m. Select actuator velocities and duration to reach approximately (1.74 0.00) at heading 0 degrees. The whole manoeuvre must take at most 10 seconds.,0.05,0.40,1.74,0.00,0,10,0.04,EDS generator,2026-10-07,"parametric, seed 20261007"
fq3-053,fq,true,A differential-drive robot starts at (0 0) heading 0 degrees. Wheel radius is 0.05 m and wheelbase is 0.30 m. Select actuator velocities and duration to reach approximately (0.69 0.40) at heading 60 degrees. The whole manoeuvre must take at most 10 seconds.,0.05,0.30,0.69,0.40,60,10,0.04,EDS generator,2026-10-07,"parametric, seed 20261007"
fq3-054,fq,true,A differential-drive robot starts at (0 0) heading 0 degrees. Wheel radius is 0.05 m and wheelbase is 0.25 m. Select actuator velocities and duration to reach approximately (0.48 -0.84) at heading -120 degrees. The whole manoeuvre must take at most 10 seconds.,0.05,0.25,0.48,-0.84,-120,10,0.04,EDS generator,2026-10-07,"parametric, seed 20261007"
fq3-055,fq,true,A differential-drive robot starts at (0 0) heading 0 degrees. Wheel radius is 0.04 m and wheelbase is 0.40 m. Select actuator velocities and duration to reach approximately (0.50 -0.14) at heading -30 degrees. The whole manoeuvre must take at most 10 seconds.,0.04,0.40,0.50,-0.14,-30,10,0.04,EDS generator,2026-10-07,"parametric, seed 20261007"
fq3-056,fq,true,A differential-drive robot starts at (0 0) heading 0 degrees. Wheel radius is 0.05 m and wheelbase is 0.40 m. Select actuator velocities and duration to reach approximately (0.42 -0.11) at heading -30 degrees. The whole manoeuvre must take at most 10 seconds.,0.05,0.40,0.42,-0.11,-30,10,0.04,EDS generator,2026-10-07,"parametric, seed 20261007"
fq3-057,fq,true,A differential-drive robot starts at (0 0) heading 0 degrees. Wheel radius is 0.04 m and wheelbase is 0.25 m. Select actuator velocities and duration to reach approximately (0.28 -1.04) at heading -150 degrees. The whole manoeuvre must take at most 10 seconds.,0.04,0.25,0.28,-1.04,-150,10,0.04,EDS generator,2026-10-07,"parametric, seed 20261007"
fq3-058,fq,true,A differential-drive robot starts at (0 0) heading 0 degrees. Wheel radius is 0.08 m and wheelbase is 0.40 m. Select actuator velocities and duration to reach approximately (0.68 1.17) at heading 120 degrees. The whole manoeuvre must take at most 10 seconds.,0.08,0.40,0.68,1.17,120,10,0.04,EDS generator,2026-10-07,"parametric, seed 20261007"
fq3-059,fq,true,A differential-drive robot starts at (0 0) heading 0 degrees. Wheel radius is 0.05 m and wheelbase is 0.30 m. Select actuator velocities and duration to reach approximately (0.43 -1.62) at heading -150 degrees. The whole manoeuvre must take at most 10 seconds.,0.05,0.30,0.43,-1.62,-150,10,0.04,EDS generator,2026-10-07,"parametric, seed 20261007"
fq3-060,fq,true,A differential-drive robot starts at (0 0) heading 0 degrees. Wheel radius is 0.08 m and wheelbase is 0.25 m. Select actuator velocities and duration to reach approximately (0.24 0.07) at heading 30 degrees. The whole manoeuvre must take at most 10 seconds.,0.08,0.25,0.24,0.07,30,10,0.04,EDS generator,2026-10-07,"parametric, seed 20261007"
fq3-061,fq,true,A differential-drive robot starts at (0 0) heading 0 degrees. Wheel radius is 0.04 m and wheelbase is 0.40 m. Select actuator velocities and duration to reach approximately (0.48 -0.82) at heading -120 degrees. The whole manoeuvre must take at most 10 seconds.,0.04,0.40,0.48,-0.82,-120,10,0.04,EDS generator,2026-10-07,"parametric, seed 20261007"
fq3-062,fq,true,A differential-drive robot starts at (0 0) heading 0 degrees. Wheel radius is 0.08 m and wheelbase is 0.30 m. Select actuator velocities and duration to reach approximately (0.33 -0.09) at heading -30 degrees. The whole manoeuvre must take at most 10 seconds.,0.08,0.30,0.33,-0.09,-30,10,0.04,EDS generator,2026-10-07,"parametric, seed 20261007"
fq3-063,fq,true,A differential-drive robot starts at (0 0) heading 0 degrees. Wheel radius is 0.06 m and wheelbase is 0.40 m. Select actuator velocities and duration to reach approximately (0.31 -0.18) at heading -60 degrees. The whole manoeuvre must take at most 10 seconds.,0.06,0.40,0.31,-0.18,-60,10,0.04,EDS generator,2026-10-07,"parametric, seed 20261007"
fq3-064,fq,true,A differential-drive robot starts at (0 0) heading 0 degrees. Wheel radius is 0.06 m and wheelbase is 0.30 m. Select actuator velocities and duration to reach approximately (0.50 0.13) at heading 30 degrees. The whole manoeuvre must take at most 10 seconds.,0.06,0.30,0.50,0.13,30,10,0.04,EDS generator,2026-10-07,"parametric, seed 20261007"
fq3-065,fq,true,A differential-drive robot starts at (0 0) heading 0 degrees. Wheel radius is 0.05 m and wheelbase is 0.40 m. Select actuator velocities and duration to reach approximately (0.33 0.00) at heading 0 degrees. The whole manoeuvre must take at most 10 seconds.,0.05,0.40,0.33,0.00,0,10,0.04,EDS generator,2026-10-07,"parametric, seed 20261007"
fq3-066,fq,true,A differential-drive robot starts at (0 0) heading 0 degrees. Wheel radius is 0.04 m and wheelbase is 0.30 m. Select actuator velocities and duration to reach approximately (0.47 0.27) at heading 60 degrees. The whole manoeuvre must take at most 10 seconds.,0.04,0.30,0.47,0.27,60,10,0.04,EDS generator,2026-10-07,"parametric, seed 20261007"
fq3-067,fq,true,A differential-drive robot starts at (0 0) heading 0 degrees. Wheel radius is 0.04 m and wheelbase is 0.30 m. Select actuator velocities and duration to reach approximately (0.15 -0.58) at heading -150 degrees. The whole manoeuvre must take at most 10 seconds.,0.04,0.30,0.15,-0.58,-150,10,0.04,EDS generator,2026-10-07,"parametric, seed 20261007"
fq3-068,fq,true,A differential-drive robot starts at (0 0) heading 0 degrees. Wheel radius is 0.05 m and wheelbase is 0.30 m. Select actuator velocities and duration to reach approximately (0.74 -1.29) at heading -120 degrees. The whole manoeuvre must take at most 10 seconds.,0.05,0.30,0.74,-1.29,-120,10,0.04,EDS generator,2026-10-07,"parametric, seed 20261007"
fq3-069,fq,true,A differential-drive robot starts at (0 0) heading 0 degrees. Wheel radius is 0.06 m and wheelbase is 0.30 m. Select actuator velocities and duration to reach approximately (0.22 0.82) at heading 150 degrees. The whole manoeuvre must take at most 10 seconds.,0.06,0.30,0.22,0.82,150,10,0.04,EDS generator,2026-10-07,"parametric, seed 20261007"
fq3-070,fq,true,A differential-drive robot starts at (0 0) heading 0 degrees. Wheel radius is 0.04 m and wheelbase is 0.25 m. Select actuator velocities and duration to reach approximately (0.89 0.51) at heading 60 degrees. The whole manoeuvre must take at most 10 seconds.,0.04,0.25,0.89,0.51,60,10,0.04,EDS generator,2026-10-07,"parametric, seed 20261007"
fq3-071,fq,true,A differential-drive robot starts at (0 0) heading 0 degrees. Wheel radius is 0.04 m and wheelbase is 0.40 m. Select actuator velocities and duration to reach approximately (1.83 0.00) at heading 0 degrees. The whole manoeuvre must take at most 10 seconds.,0.04,0.40,1.83,0.00,0,10,0.04,EDS generator,2026-10-07,"parametric, seed 20261007"
fq3-072,fq,true,A differential-drive robot starts at (0 0) heading 0 degrees. Wheel radius is 0.04 m and wheelbase is 0.30 m. Select actuator velocities and duration to reach approximately (0.54 -0.93) at heading -120 degrees. The whole manoeuvre must take at most 10 seconds.,0.04,0.30,0.54,-0.93,-120,10,0.04,EDS generator,2026-10-07,"parametric, seed 20261007"
fq3-073,fq,true,A differential-drive robot starts at (0 0) heading 0 degrees. Wheel radius is 0.08 m and wheelbase is 0.40 m. Select actuator velocities and duration to reach approximately (0.65 0.37) at heading 60 degrees. The whole manoeuvre must take at most 10 seconds.,0.08,0.40,0.65,0.37,60,10,0.04,EDS generator,2026-10-07,"parametric, seed 20261007"
